Abaco Plastico X 3 C-Tapa;10791.30
Abaco Plastico X 4 C-Tapa;15175.86
Abaco Plastico X 4 Columnas;9658.96
Abaco Plastico X 5 C-Tapa;21089.14
Abaco Plastico X 6 C-Tapa;17326.01
Abaco Plastico X 7 C-Tapa;29361.40
Abro Rexon Ps 410;7900.27
Abrochadora Filgo Universal Nº10 910;28042.88
Abrochadora Aifa Nº 24/6/6 Hs2005-10;23169.06
Abrochadora Aifa Nº 24/6/6 Hs550-30;24405.31
Abrochadora Aifa Nº 24/6/6 Hs604-30;23426.70
Abrochadora Aifa Nº 24/6/6 Hs800-30;12217.01
Abrochadora Aifa Nº10 Hs851-100;19971.00
Abrochadora Chica Metal Max 10 Hd-10;6615.64
Abrochadora Chica Plastica Nº725;5708.20
